Specie,File,Validation,Alternative
Himantopus himantopus,2MA00783-INM_20240509_042300_1822000_1830000_0.7834333333333334.WAV,0,
Sitta europaea,2MA00783-INM_20240508_062402_1355000_1358000_0.8118.WAV,0,
Upupa epops,2MA00783-INM_20240618_070602_499000_504000_0.9480666666666666.WAV,1,
Upupa epops,2MA00783-INM_20240617_070602_325000_330000_0.8757666666666667.WAV,-1,
Upupa epops,2MA00783-INM_20240617_070602_352000_448000_0.9118106382978722.WAV,-1,
Upupa epops,2MA00783-INM_20240617_070602_337000_348000_0.8443.WAV,0,XXXX
Upupa epops,2MA00783-INM_20240618_070602_610000_751000_0.8294620155038759.WAV,1,
Upupa epops,2MA00783-INM_20240616_060602_3437000_3554000_0.8556252252252251.WAV,1,
Upupa epops,2MA00783-INM_20240618_070602_814000_834000_0.7656133333333333.WAV,0,
Upupa epops,2MA00783-INM_20240512_072002_3188000_3195000_0.8572799999999999.WAV,0,Different Specie
Upupa epops,2MA00783-INM_20240616_060602_3321000_3372000_0.8147235294117647.WAV,0,Corvus corone
Upupa epops,2MA00783-INM_20240617_070602_354000_447000_0.7583129032258065.WAV,-1,
Upupa epops,2MA00783-INM_20240618_070602_237000_495000_0.8209254237288136.WAV,-1,
Upupa epops,2MA00783-INM_20240617_070602_313000_317000_0.83815.WAV,-1,
Upupa epops,2MA00783-INM_20240616_070602_3294000_3297000_0.7569.WAV,-1,
Upupa epops,2MA00783-INM_20240617_070602_154000_284000_0.9240000000000002.WAV,-1,
Upupa epops,2MA00783-INM_20240617_070602_144000_147000_0.8315.WAV,-1,
Upupa epops,2MA00783-INM_20240616_070602_3284000_3287000_0.9679.WAV,-1,
Upupa epops,2MA00783-INM_20240617_070602_285000_292000_0.958125.WAV,-1,
Upupa epops,2MA00783-INM_20240512_072002_2735000_2738000_0.8067.WAV,-1,
Upupa epops,2MA00783-INM_20240616_060602_3379000_3433000_0.8351326086956525.WAV,-1,
Upupa epops,2MA00783-INM_20240512_072002_3113000_3116000_0.8843.WAV,-1,
Upupa epops,2MA00783-INM_20240618_070602_528000_586000_0.808133962264151.WAV,-1,
Upupa epops,2MA00783-INM_20240616_060602_3310000_3362000_0.9457270833333332.WAV,-1,
Upupa epops,2MA00783-INM_20240617_070602_142000_147000_0.9826666666666668.WAV,-1,
Columba palumbus,2MA00783-INM_20240413_075402_2062000_2074000_0.75571.WAV,-1,
Columba palumbus,2MA00783-INM_20240502_201400_1359000_1365000_0.8242.WAV,-1,
Columba palumbus,2MA00783-INM_20240505_072702_3230000_3245000_0.908146153846154.WAV,-1,
Columba palumbus,2MA00783-INM_20240622_070702_194000_206000_0.8664000000000002.WAV,-1,
Columba palumbus,2MA00783-INM_20240413_075402_1992000_1995000_0.8861.WAV,-1,
Columba palumbus,2MA00783-INM_20240612_204400_2184000_2187000_0.8257.WAV,-1,
Columba palumbus,2MA00783-INM_20240502_201400_1246000_1254000_0.9616666666666666.WAV,-1,
Columba palumbus,2MA00783-INM_20240413_075402_2027000_2039000_0.76771.WAV,-1,
Columba palumbus,2MA00783-INM_20240413_075402_2028000_2037000_0.8089333333333334.WAV,-1,
Columba palumbus,2MA00783-INM_20240510_072202_2685000_2694000_0.7911333333333332.WAV,-1,
Columba palumbus,2MA00783-INM_20240613_204400_776000_785000_0.7901999999999999.WAV,-1,
Columba palumbus,2MA00783-INM_20240505_072702_3297000_3312000_0.8488615384615384.WAV,-1,
Columba palumbus,2MA00783-INM_20240510_072202_2677000_2688000_0.9478777777777778.WAV,-1,
Columba palumbus,2MA00783-INM_20240510_072202_259000_263000_0.76335.WAV,-1,
Numenius phaeopus,2MA00783-INM_20240504_201600_1833000_1836000_0.9092.WAV,-1,
Numenius phaeopus,2MA00783-INM_20240504_211602_342000_345000_0.8342.WAV,-1,
Numenius phaeopus,2MA00783-INM_20240506_052602_1152000_1155000_0.903.WAV,-1,
Numenius phaeopus,2MA00783-INM_20240503_201500_58000_63000_0.8731.WAV,-1,
Numenius phaeopus,2MA00783-INM_20240429_211102_495000_498000_0.7901.WAV,-1,
Numenius phaeopus,2MA00783-INM_20240425_210802_777000_780000_0.7749.WAV,-1,
Numenius phaeopus,2MA00783-INM_20240502_043000_621000_626000_0.8785333333333334.WAV,-1,
Numenius phaeopus,2MA00783-INM_20240428_053502_2193000_2196000_0.7716.WAV,-1,
Numenius phaeopus,2MA00783-INM_20240502_201400_1307000_1311000_0.7836000000000001.WAV,-1,
Numenius phaeopus,2MA00783-INM_20240417_044800_3558000_3561000_0.7512.WAV,-1,
Numenius phaeopus,2MA00783-INM_20240502_063002_2614000_2617000_0.8708.WAV,-1,
Numenius phaeopus,2MA00783-INM_20240622_070702_35000_39000_0.947.WAV,-1,
Numenius phaeopus,2MA00783-INM_20240517_202700_3341000_3345000_0.7756000000000001.WAV,-1,
Numenius phaeopus,2MA00783-INM_20240513_212302_227000_230000_0.8104.WAV,-1,
Numenius phaeopus,2MA00783-INM_20240501_073102_990000_993000_0.778.WAV,-1,
Numenius phaeopus,2MA00783-INM_20240421_044300_495000_498000_0.8014.WAV,-1,
Numenius phaeopus,2MA00783-INM_20240501_201300_2791000_2796000_0.8928333333333334.WAV,-1,
Numenius phaeopus,2MA00783-INM_20240516_212602_184000_187000_0.754.WAV,-1,
Numenius phaeopus,2MA00783-INM_20240426_210902_282000_285000_0.7802.WAV,-1,
Numenius phaeopus,2MA00783-INM_20240516_061702_632000_635000_0.8939.WAV,-1,
Numenius phaeopus,2MA00783-INM_20240517_061602_440000_443000_0.933.WAV,-1,
Numenius phaeopus,2MA00783-INM_20240511_072102_2846000_2849000_0.9943.WAV,-1,
Numenius phaeopus,2MA00783-INM_20240513_051902_3384000_3388000_0.912.WAV,-1,
Numenius phaeopus,2MA00783-INM_20240502_043000_599000_604000_0.8346.WAV,-1,
Numenius phaeopus,2MA00783-INM_20240504_052802_2048000_2051000_0.8318.WAV,-1,
Numenius phaeopus,2MA00783-INM_20240501_063102_1145000_1150000_0.8451.WAV,-1,
Numenius phaeopus,2MA00783-INM_20240620_070702_3291000_3296000_0.9143333333333334.WAV,-1,
Numenius phaeopus,2MA00783-INM_20240425_210802_3114000_3117000_0.759.WAV,-1,
Numenius phaeopus,2MA00783-INM_20240505_211702_195000_199000_0.76275.WAV,-1,
Turdus philomelos,2MA00783-INM_20240504_201600_66000_69000_0.7529.WAV,-1,
Turdus philomelos,2MA00783-INM_20240514_202400_2915000_2918000_0.8295.WAV,-1,
Turdus philomelos,2MA00783-INM_20240504_201600_1825000_1829000_0.92465.WAV,-1,
Turdus philomelos,2MA00783-INM_20240618_204600_420000_423000_0.8369.WAV,-1,
Turdus philomelos,2MA00783-INM_20240504_201600_2585000_2588000_0.9223.WAV,-1,
Anthus campestris,2MA00783-INM_20240515_071802_3147000_3150000_0.8345.WAV,-1,
Anthus campestris,2MA00783-INM_20240625_070802_3059000_3062000_0.7635.WAV,-1,
Falco tinnunculus,2MA00783-INM_20240506_042600_3265000_3269000_0.98955.WAV,-1,
Falco tinnunculus,2MA00783-INM_20240506_042600_3276000_3279000_0.8728.WAV,-1,
Streptopelia senegalensis,2MA00783-INM_20240616_070602_3274000_3277000_0.7744.WAV,-1,
Pica pica,2MA00783-INM_20240505_201700_1368000_1374000_0.76115.WAV,-1,
Pica pica,2MA00783-INM_20240506_201700_540000_543000_0.7524.WAV,-1,
Pica pica,2MA00783-INM_20240416_200000_3333000_3336000_0.9428.WAV,-1,
Pica pica,2MA00783-INM_20240511_072102_3015000_3018000_0.7649.WAV,-1,
Pica pica,2MA00783-INM_20240615_204500_1152000_1155000_0.7527.WAV,-1,
Pica pica,2MA00783-INM_20240621_204600_1047000_1050000_0.9405.WAV,-1,
Pica pica,2MA00783-INM_20240516_212602_1401000_1404000_0.7669.WAV,-1,
Pica pica,2MA00783-INM_20240621_204600_1077000_1080000_0.8751.WAV,-1,
Pica pica,2MA00783-INM_20240506_201700_816000_819000_0.8097.WAV,-1,
Pica pica,2MA00783-INM_20240613_070602_714000_717000_0.854.WAV,-1,
Pica pica,2MA00783-INM_20240505_201700_1377000_1380000_0.909.WAV,-1,
Pica pica,2MA00783-INM_20240621_204600_1068000_1074000_0.78235.WAV,-1,
Pica pica,2MA00783-INM_20240621_204600_1032000_1035000_0.97.WAV,-1,
Pica pica,2MA00783-INM_20240512_212302_1677000_1680000_0.7647.WAV,-1,
Pica pica,2MA00783-INM_20240424_200700_204000_210000_0.7873.WAV,-1,
Pica pica,2MA00783-INM_20240621_204600_1020000_1026000_0.8731.WAV,-1,
Pica pica,2MA00783-INM_20240613_070602_2643000_2646000_0.762.WAV,-1,
Pica pica,2MA00783-INM_20240517_202700_999000_1002000_0.7517.WAV,-1,
Pica pica,2MA00783-INM_20240513_071902_918000_921000_0.8089.WAV,-1,
Pica pica,2MA00783-INM_20240504_072802_453000_456000_0.7559.WAV,-1,
Pica pica,2MA00783-INM_20240621_204600_1092000_1095000_0.8732.WAV,-1,
Pica pica,2MA00783-INM_20240504_072802_444000_447000_0.7793.WAV,-1,
Pica pica,2MA00783-INM_20240517_202700_3492000_3495000_0.8658.WAV,-1,
Pica pica,2MA00783-INM_20240621_214602_1020000_1023000_0.7629.WAV,-1,
Pica pica,2MA00783-INM_20240613_060602_3330000_3333000_0.7972.WAV,-1,
Pica pica,2MA00783-INM_20240423_054102_1935000_1938000_0.8053.WAV,-1,
Pica pica,2MA00783-INM_20240613_070602_915000_918000_0.8304.WAV,-1,
Pica pica,2MA00783-INM_20240516_071702_1734000_1740000_0.7817000000000001.WAV,-1,
Pica pica,2MA00783-INM_20240613_070602_531000_534000_0.8676.WAV,-1,
Pica pica,2MA00783-INM_20240424_200700_597000_600000_0.7903.WAV,-1,
Pica pica,2MA00783-INM_20240626_070802_1368000_1371000_0.7806.WAV,-1,
Pica pica,2MA00783-INM_20240620_204600_618000_621000_0.7692.WAV,-1,
Pica pica,2MA00783-INM_20240621_204600_1053000_1056000_0.9513.WAV,-1,
Pica pica,2MA00783-INM_20240613_070602_906000_909000_0.9502.WAV,-1,
Prunella modularis,2MA00783-INM_20240616_204500_3401000_3407000_0.7623500000000001.WAV,-1,
Prunella modularis,2MA00783-INM_20240513_212302_941000_946000_0.8419333333333334.WAV,-1,
Prunella modularis,2MA00783-INM_20240618_214602_419000_422000_0.7608.WAV,-1,
Prunella modularis,2MA00783-INM_20240515_212502_133000_138000_0.7610000000000001.WAV,-1,
Prunella modularis,2MA00783-INM_20240504_201600_2832000_2835000_0.7899.WAV,-1,
Prunella modularis,2MA00783-INM_20240511_212202_1498000_1503000_0.7945333333333333.WAV,-1,
Prunella modularis,2MA00783-INM_20240622_214702_1377000_1381000_0.82465.WAV,-1,
Prunella modularis,2MA00783-INM_20240515_212502_1843000_1848000_0.8691333333333334.WAV,-1,
Prunella modularis,2MA00783-INM_20240502_053002_3302000_3305000_0.9092.WAV,-1,
Prunella modularis,2MA00783-INM_20240615_214502_243000_246000_0.8764.WAV,-1,
Prunella modularis,2MA00783-INM_20240618_050602_2806000_2809000_0.8205.WAV,-1,
Prunella modularis,2MA00783-INM_20240621_214602_429000_434000_0.8238666666666666.WAV,-1,
Emberiza hortulana,2MA00783-INM_20240514_202400_2826000_2829000_0.7817.WAV,-1,
Emberiza hortulana,2MA00783-INM_20240513_061902_694000_697000_0.8107.WAV,-1,
Emberiza hortulana,2MA00783-INM_20240512_202300_691000_694000_0.8431.WAV,-1,
Emberiza hortulana,2MA00783-INM_20240516_041700_2734000_2738000_0.7979499999999999.WAV,-1,
Emberiza hortulana,2MA00783-INM_20240502_053002_3410000_3413000_0.91.WAV,-1,
Emberiza hortulana,2MA00783-INM_20240506_072602_624000_627000_0.9817.WAV,-1,
Emberiza hortulana,2MA00783-INM_20240506_052602_2222000_2225000_0.8531.WAV,-1,
Calidris alpina,2MA00783-INM_20240613_060602_2069000_2074000_0.7513.WAV,-1,
Calidris alpina,2MA00783-INM_20240506_072602_1225000_1228000_0.7583.WAV,-1,
Calidris alpina,2MA00783-INM_20240613_060602_2076000_2079000_0.7632.WAV,-1,
Calidris alpina,2MA00783-INM_20240618_060602_1815000_1818000_0.8245.WAV,-1,
Regulus ignicapilla,2MA00783-INM_20240613_070602_3403000_3406000_0.8146.WAV,-1,
Grus grus,2MA00783-INM_20240511_222202_3460000_3463000_0.869.WAV,-1,
Tringa nebularia,2MA00783-INM_20240515_061802_1605000_1608000_0.8435.WAV,-1,
Tringa nebularia,2MA00783-INM_20240427_211002_261000_264000_0.7959.WAV,-1,
Tringa nebularia,2MA00783-INM_20240417_044800_2403000_2409000_0.7726500000000001.WAV,-1,
Tringa nebularia,2MA00783-INM_20240515_061802_1600000_1605000_0.8342999999999999.WAV,-1,
Tringa nebularia,2MA00783-INM_20240507_211802_336000_339000_0.8973.WAV,-1,
Motacilla cinerea,2MA00783-INM_20240614_234402_1676000_1679000_0.8724.WAV,-1,
Motacilla cinerea,2MA00783-INM_20240625_214702_1015000_1018000_0.8787.WAV,-1,
Motacilla cinerea,2MA00783-INM_20240516_202600_2727000_2730000_0.7641.WAV,-1,
Motacilla cinerea,2MA00783-INM_20240619_070702_1832000_1835000_0.8823.WAV,-1,
Motacilla cinerea,2MA00783-INM_20240517_202700_3164000_3167000_0.9141.WAV,-1,
Curruca melanocephala,2MA00783-INM_20240613_204400_2335000_2340000_0.7842666666666668.WAV,-1,
Tringa totanus,2MA00783-INM_20240503_211502_671000_675000_0.979.WAV,-1,
Tringa totanus,2MA00783-INM_20240513_061902_2094000_2097000_0.7801.WAV,-1,
Tringa totanus,2MA00783-INM_20240517_061602_2772000_2775000_0.8475.WAV,-1,
Tringa totanus,2MA00783-INM_20240513_202300_929000_932000_0.8184.WAV,-1,
Chlidonias hybrida,2MA00783-INM_20240621_214602_10000_13000_0.8944.WAV,-1,
Chlidonias hybrida,2MA00783-INM_20240617_204500_1817000_1820000_0.7618.WAV,-1,
Fireworks,2MA00783-INM_20240624_070802_563000_566000_0.7944.WAV,-1,
Fireworks,2MA00783-INM_20240624_070802_1219000_1222000_0.7933.WAV,-1,
Fireworks,2MA00783-INM_20240509_222002_1515000_1518000_0.9501.WAV,-1,
Fireworks,2MA00783-INM_20240624_070802_2601000_2604000_0.7522.WAV,-1,
Fireworks,2MA00783-INM_20240508_231902_1979000_1982000_0.8047.WAV,-1,
Fireworks,2MA00783-INM_20240509_222002_3423000_3426000_0.7699.WAV,-1,
Fireworks,2MA00783-INM_20240501_211302_580000_583000_0.7715.WAV,-1,
Fireworks,2MA00783-INM_20240510_232102_739000_742000_0.7739.WAV,-1,
Fireworks,2MA00783-INM_20240501_211302_1646000_1649000_0.8986.WAV,-1,
Fireworks,2MA00783-INM_20240509_212002_3473000_3476000_0.8273.WAV,-1,
Fireworks,2MA00783-INM_20240619_224602_1863000_1868000_0.8007.WAV,-1,
Fireworks,2MA00783-INM_20240515_202500_3427000_3430000_0.8246.WAV,-1,
Fireworks,2MA00783-INM_20240510_202100_498000_501000_0.7732.WAV,-1,
Fireworks,2MA00783-INM_20240508_211902_2314000_2317000_0.7936.WAV,-1,
Fireworks,2MA00783-INM_20240625_060802_3180000_3183000_0.7644.WAV,-1,
Sternula albifrons,2MA00783-INM_20240506_062602_109000_112000_0.788.WAV,-1,
Sternula albifrons,2MA00783-INM_20240516_202600_3429000_3432000_0.8726.WAV,-1,
Sternula albifrons,2MA00783-INM_20240516_071702_2430000_2433000_0.8092.WAV,-1,
Pluvialis apricaria,2MA00783-INM_20240516_212602_16000_19000_0.8358.WAV,-1,
Pluvialis apricaria,2MA00783-INM_20240625_214702_1682000_1685000_0.8248.WAV,-1,
Anas acuta,2MA00783-INM_20240517_212702_2982000_2985000_0.8306.WAV,-1,
Streptopelia turtur,2MA00783-INM_20240513_071902_3186000_3189000_0.9043.WAV,-1,
Streptopelia turtur,2MA00783-INM_20240507_072502_1953000_1956000_0.8674.WAV,-1,
Streptopelia turtur,2MA00783-INM_20240626_070802_871000_874000_0.9522.WAV,-1,
Motacilla flava,2MA00783-INM_20240516_212602_1168000_1171000_0.755.WAV,-1,
Corvus corone,2MA00783-INM_20240621_234602_542000_546000_0.7631.WAV,-1,
Corvus corone,2MA00783-INM_20240507_201800_3259000_3262000_0.9204.WAV,-1,
Corvus corone,2MA00783-INM_20240621_234602_3442000_3447000_0.8498.WAV,-1,
Corvus corone,2MA00783-INM_20240618_060602_1225000_1228000_0.8421.WAV,-1,
Corvus corone,2MA00783-INM_20240621_234602_2279000_2282000_0.8246.WAV,-1,
Corvus corone,2MA00783-INM_20240620_234602_2159000_2162000_0.8346.WAV,-1,
Corvus corone,2MA00783-INM_20240615_224502_251000_254000_0.7834.WAV,-1,
Corvus corone,2MA00783-INM_20240612_204400_2100000_2103000_0.7587.WAV,-1,
Corvus corone,2MA00783-INM_20240621_224602_2990000_2993000_0.7752.WAV,-1,
Corvus corone,2MA00783-INM_20240612_204400_1492000_1495000_0.8573.WAV,-1,
Corvus corone,2MA00783-INM_20240515_222502_502000_505000_0.8161.WAV,-1,
Corvus corone,2MA00783-INM_20240517_041600_60000_63000_0.8196.WAV,-1,
Corvus corone,2MA00783-INM_20240615_050602_1977000_1980000_0.7551.WAV,-1,
Corvus corone,2MA00783-INM_20240514_212402_2781000_2784000_0.8708.WAV,-1,
Corvus corone,2MA00783-INM_20240622_214702_268000_271000_0.8356.WAV,-1,
Corvus corone,2MA00783-INM_20240615_224502_1097000_1100000_0.8853.WAV,-1,
Corvus corone,2MA00783-INM_20240507_211802_383000_386000_0.9067.WAV,-1,
Corvus corone,2MA00783-INM_20240512_232302_771000_774000_0.8185.WAV,-1,
Corvus corone,2MA00783-INM_20240619_204600_2346000_2349000_0.8918.WAV,-1,
Corvus corone,2MA00783-INM_20240623_224702_1956000_1959000_0.824.WAV,-1,
Corvus corone,2MA00783-INM_20240511_222202_2729000_2732000_0.9094.WAV,-1,
Corvus corone,2MA00783-INM_20240616_234502_1459000_1463000_0.85495.WAV,-1,
Corvus corone,2MA00783-INM_20240615_234502_3547000_3551000_0.82075.WAV,-1,
Corvus corone,2MA00783-INM_20240621_234602_406000_411000_0.7562333333333333.WAV,-1,
Corvus corone,2MA00783-INM_20240512_042000_2252000_2255000_0.7961.WAV,-1,
Corvus corone,2MA00783-INM_20240506_211702_2392000_2395000_0.7609.WAV,-1,
Corvus corone,2MA00783-INM_20240507_211802_649000_652000_0.8468.WAV,-1,
Corvus corone,2MA00783-INM_20240511_222202_616000_619000_0.835.WAV,-1,
Corvus corone,2MA00783-INM_20240619_214602_2932000_2935000_0.8096.WAV,-1,
Corvus corone,2MA00783-INM_20240502_211402_1596000_1600000_0.7988.WAV,-1,
Corvus corone,2MA00783-INM_20240511_232202_259000_262000_0.7668.WAV,-1,
Numenius arquata,2MA00783-INM_20240413_065400_3018000_3021000_0.7687.WAV,-1,
Numenius arquata,2MA00783-INM_20240415_065100_183000_186000_0.7549.WAV,-1,
Hirundo rustica,2MA00783-INM_20240619_070702_2358000_2364000_0.7774666666666666.WAV,-1,
Turdus iliacus,2MA00783-INM_20240622_204700_3104000_3109000_0.7912.WAV,-1,
Turdus iliacus,2MA00783-INM_20240623_070702_1647000_1650000_0.7555.WAV,-1,
Turdus iliacus,2MA00783-INM_20240615_204500_2745000_2748000_0.9358.WAV,-1,
Turdus iliacus,2MA00783-INM_20240619_070702_941000_945000_0.78625.WAV,-1,
Turdus iliacus,2MA00783-INM_20240620_214602_758000_761000_0.9252.WAV,-1,
Turdus iliacus,2MA00783-INM_20240619_060702_1363000_1366000_0.762.WAV,-1,
Turdus iliacus,2MA00783-INM_20240516_071702_3210000_3213000_0.7743.WAV,-1,
Turdus iliacus,2MA00783-INM_20240612_204400_2258000_2261000_0.7531.WAV,-1,
Turdus iliacus,2MA00783-INM_20240506_072602_2177000_2181000_0.93575.WAV,-1,
Turdus iliacus,2MA00783-INM_20240622_204700_1814000_1817000_0.9035.WAV,-1,
Turdus iliacus,2MA00783-INM_20240619_060702_1245000_1248000_0.7906.WAV,-1,
Turdus iliacus,2MA00783-INM_20240512_222302_784000_787000_0.7788.WAV,-1,
Turdus iliacus,2MA00783-INM_20240613_204400_151000_155000_0.75785.WAV,-1,
Turdus iliacus,2MA00783-INM_20240417_054802_2787000_2790000_0.7959.WAV,-1,
Turdus iliacus,2MA00783-INM_20240502_073002_443000_446000_0.8875.WAV,-1,
Turdus iliacus,2MA00783-INM_20240617_070602_962000_965000_0.9301.WAV,-1,
Turdus iliacus,2MA00783-INM_20240623_060702_2251000_2255000_0.98085.WAV,-1,
Turdus iliacus,2MA00783-INM_20240614_070602_3117000_3121000_0.80055.WAV,-1,
Turdus iliacus,2MA00783-INM_20240619_060702_1240000_1244000_0.9207.WAV,-1,
Turdus iliacus,2MA00783-INM_20240618_070602_1741000_1745000_0.7873.WAV,-1,
Turdus iliacus,2MA00783-INM_20240502_201400_1311000_1316000_0.8323999999999999.WAV,-1,
Turdus iliacus,2MA00783-INM_20240513_071902_496000_499000_0.8397.WAV,-1,
Turdus iliacus,2MA00783-INM_20240618_060602_2175000_2180000_0.8696.WAV,-1,
Turdus iliacus,2MA00783-INM_20240618_204600_1353000_1356000_0.8956.WAV,-1,
Turdus iliacus,2MA00783-INM_20240614_070602_3045000_3048000_0.7596.WAV,-1,
Milvus milvus,2MA00783-INM_20240616_060602_1030000_1033000_0.8273.WAV,-1,
Milvus milvus,2MA00783-INM_20240619_060702_963000_966000_0.8495.WAV,-1,
Branta leucopsis,2MA00783-INM_20240621_214602_533000_536000_0.8755.WAV,-1,
Poecile palustris,2MA00783-INM_20240513_071902_3230000_3233000_0.7923.WAV,-1,
Asio otus,2MA00783-INM_20240506_211702_2033000_2036000_0.9779.WAV,-1,
Anthus pratensis,2MA00783-INM_20240506_211702_651000_654000_0.8267.WAV,-1,
Parus major,2MA00783-INM_20240516_061702_1979000_1982000_0.9204.WAV,-1,
Parus major,2MA00783-INM_20240506_062602_2742000_2745000_0.9567.WAV,-1,
Parus major,2MA00783-INM_20240516_061702_2037000_2040000_0.8381.WAV,-1,
Parus major,2MA00783-INM_20240505_072702_3054000_3059000_0.7625666666666667.WAV,-1,
Parus major,2MA00783-INM_20240513_061902_2293000_2297000_0.7975.WAV,-1,
Parus major,2MA00783-INM_20240516_071702_3348000_3360000_0.77805.WAV,-1,
Parus major,2MA00783-INM_20240513_061902_2316000_2321000_0.9114333333333334.WAV,-1,
Parus major,2MA00783-INM_20240502_063002_2135000_2139000_0.9032.WAV,-1,
Parus major,2MA00783-INM_20240516_071702_3336000_3351000_0.900809090909091.WAV,-1,
Parus major,2MA00783-INM_20240503_072902_2594000_2601000_0.8213800000000001.WAV,-1,
Parus major,2MA00783-INM_20240506_062602_2258000_2261000_0.8205.WAV,-1,
Parus major,2MA00783-INM_20240516_071702_3321000_3332000_0.963.WAV,-1,
Parus major,2MA00783-INM_20240506_052602_2162000_2165000_0.9014.WAV,-1,
Parus major,2MA00783-INM_20240503_062902_2243000_2247000_0.91765.WAV,-1,
Parus major,2MA00783-INM_20240502_201400_1695000_1698000_0.9365.WAV,-1,
Parus major,2MA00783-INM_20240505_062702_1778000_1781000_0.9409.WAV,-1,
Parus major,2MA00783-INM_20240503_072902_2577000_2581000_0.7913.WAV,-1,
Parus major,2MA00783-INM_20240516_071702_3333000_3342000_0.8250000000000001.WAV,-1,
Parus major,2MA00783-INM_20240516_061702_2104000_2107000_0.7546.WAV,-1,
Parus major,2MA00783-INM_20240506_062602_2331000_2336000_0.9015666666666668.WAV,-1,
Phoenicurus ochruros,2MA00783-INM_20240515_071802_2340000_2346000_0.8359000000000001.WAV,-1,
Phoenicurus ochruros,2MA00783-INM_20240501_073102_1566000_1569000_0.7689.WAV,-1,
Phoenicurus ochruros,2MA00783-INM_20240429_073302_666000_669000_0.8269.WAV,-1,
Phoenicurus ochruros,2MA00783-INM_20240503_072902_1176000_1182000_0.7853.WAV,-1,
Phoenicurus ochruros,2MA00783-INM_20240414_075202_3246000_3249000_0.8095.WAV,-1,
Phoenicurus ochruros,2MA00783-INM_20240503_072902_966000_969000_0.7741.WAV,-1,
Phoenicurus ochruros,2MA00783-INM_20240509_072302_909000_912000_0.7931.WAV,-1,
Phoenicurus ochruros,2MA00783-INM_20240502_073002_2331000_2334000_0.8206.WAV,-1,
Phoenicurus ochruros,2MA00783-INM_20240502_073002_2142000_2145000_0.815.WAV,-1,
Plectrophenax nivalis,2MA00783-INM_20240516_071702_1371000_1374000_0.8288.WAV,-1,
Plectrophenax nivalis,2MA00783-INM_20240430_201200_1644000_1648000_0.7565.WAV,-1,
Plectrophenax nivalis,2MA00783-INM_20240514_202400_2448000_2451000_0.9466.WAV,-1,
Plectrophenax nivalis,2MA00783-INM_20240502_073002_1826000_1829000_0.7523.WAV,-1,
Phoenicurus phoenicurus,2MA00783-INM_20240502_201400_3356000_3359000_0.9043.WAV,-1,
Phoenicurus phoenicurus,2MA00783-INM_20240430_201200_1719000_1722000_0.7602.WAV,-1,
Turdus viscivorus,2MA00783-INM_20240414_065200_795000_798000_0.7919.WAV,-1,
Turdus viscivorus,2MA00783-INM_20240504_052802_2172000_2175000_0.7823.WAV,-1,
Turdus viscivorus,2MA00783-INM_20240412_065500_993000_996000_0.7635.WAV,-1,
Turdus viscivorus,2MA00783-INM_20240421_064302_2043000_2046000_0.7513.WAV,-1,
Turdus viscivorus,2MA00783-INM_20240412_065500_1560000_1563000_0.7886.WAV,-1,
Turdus viscivorus,2MA00783-INM_20240413_065400_903000_906000_0.7817.WAV,-1,
Turdus viscivorus,2MA00783-INM_20240414_065200_1551000_1554000_0.7665.WAV,-1,
Turdus viscivorus,2MA00783-INM_20240620_204600_2332000_2335000_0.7594.WAV,-1,
Lullula arborea,2MA00783-INM_20240516_071702_1782000_1785000_0.7746.WAV,-1,
Lullula arborea,2MA00783-INM_20240512_202300_2956000_2960000_0.7907.WAV,-1,
Lullula arborea,2MA00783-INM_20240504_201600_425000_428000_0.96.WAV,-1,
Lullula arborea,2MA00783-INM_20240512_202300_1800000_1803000_0.7525.WAV,-1,
Lullula arborea,2MA00783-INM_20240501_053102_2050000_2053000_0.7916.WAV,-1,
Turdus pilaris,2MA00783-INM_20240511_072102_2448000_2451000_0.7647.WAV,-1,
Cygnus columbianus,2MA00783-INM_20240503_211502_3519000_3522000_0.7974.WAV,-1,
Cygnus columbianus,2MA00783-INM_20240503_211502_3507000_3512000_0.9876.WAV,-1,
Corvus corax,2MA00783-INM_20240517_202700_3234000_3237000_0.8187.WAV,-1,
Corvus corax,2MA00783-INM_20240513_202300_526000_530000_0.84175.WAV,-1,
Jynx torquilla,2MA00783-INM_20240506_072602_3062000_3065000_0.8687.WAV,-1,
Podiceps cristatus,2MA00783-INM_20240621_040700_1338000_1341000_0.7908.WAV,-1,
Pluvialis squatarola,2MA00783-INM_20240505_201700_2392000_2397000_0.9440333333333332.WAV,-1,
Pluvialis squatarola,2MA00783-INM_20240503_072902_2272000_2277000_0.9978666666666666.WAV,-1,
Pluvialis squatarola,2MA00783-INM_20240506_201700_189000_193000_0.97035.WAV,-1,
Pluvialis squatarola,2MA00783-INM_20240412_205702_2943000_2946000_0.7874.WAV,-1,
Pluvialis squatarola,2MA00783-INM_20240618_060602_1589000_1592000_0.9163.WAV,-1,
Pluvialis squatarola,2MA00783-INM_20240626_060802_1921000_1926000_0.7638.WAV,-1,
Pluvialis squatarola,2MA00783-INM_20240623_060702_2059000_2063000_0.8667.WAV,-1,
Pluvialis squatarola,2MA00783-INM_20240416_200000_1365000_1368000_0.7775.WAV,-1,
Pluvialis squatarola,2MA00783-INM_20240416_200000_1371000_1374000_0.7885.WAV,-1,
Pluvialis squatarola,2MA00783-INM_20240511_062102_2048000_2051000_0.8708.WAV,-1,
Pluvialis squatarola,2MA00783-INM_20240416_200000_1371000_1376000_0.8101666666666666.WAV,-1,
Pluvialis squatarola,2MA00783-INM_20240618_060602_1372000_1375000_0.961.WAV,-1,
Pluvialis squatarola,2MA00783-INM_20240618_060602_692000_695000_0.7578.WAV,-1,
Pluvialis squatarola,2MA00783-INM_20240416_200000_1380000_1383000_0.8786.WAV,-1,
Lophophanes cristatus,2MA00783-INM_20240620_204600_2809000_2814000_0.7573.WAV,-1,
Lophophanes cristatus,2MA00783-INM_20240516_071702_1371000_1374000_0.9399.WAV,-1,
Lophophanes cristatus,2MA00783-INM_20240506_201700_1074000_1077000_0.9611.WAV,-1,
Lophophanes cristatus,2MA00783-INM_20240620_204600_2817000_2820000_0.8323.WAV,-1,
Lophophanes cristatus,2MA00783-INM_20240513_202300_1075000_1078000_0.8583.WAV,-1,
Nycticorax nycticorax,2MA00783-INM_20240617_050602_2502000_2505000_0.7878.WAV,-1,
Nycticorax nycticorax,2MA00783-INM_20240617_050602_2493000_2498000_0.9431333333333332.WAV,-1,
Delichon urbicum,2MA00783-INM_20240509_062302_2622000_2625000_0.9321.WAV,-1,
Delichon urbicum,2MA00783-INM_20240624_204700_1282000_1338000_0.7874415094339624.WAV,-1,
Delichon urbicum,2MA00783-INM_20240617_060602_3573000_3576000_0.7601.WAV,-1,
Delichon urbicum,2MA00783-INM_20240503_072902_775000_778000_0.754.WAV,-1,
Delichon urbicum,2MA00783-INM_20240510_072202_371000_374000_0.8857.WAV,-1,
Delichon urbicum,2MA00783-INM_20240506_072602_2748000_2751000_0.8425.WAV,-1,
Delichon urbicum,2MA00783-INM_20240511_212202_233000_236000_0.848.WAV,-1,
Delichon urbicum,2MA00783-INM_20240508_072402_3070000_3073000_0.7829.WAV,-1,
Delichon urbicum,2MA00783-INM_20240618_070602_3425000_3428000_0.7996.WAV,-1,
Dryocopus martius,2MA00783-INM_20240427_201000_2136000_2139000_0.8457.WAV,-1,
Actitis hypoleucos,2MA00783-INM_20240420_210302_3126000_3129000_0.9575.WAV,-1,
Actitis hypoleucos,2MA00783-INM_20240428_211002_2447000_2475000_0.7636000000000001.WAV,-1,
Actitis hypoleucos,2MA00783-INM_20240416_220002_1482000_1485000_0.9863.WAV,-1,
Actitis hypoleucos,2MA00783-INM_20240612_214402_1220000_1223000_0.8521.WAV,-1,
Actitis hypoleucos,2MA00783-INM_20240506_211702_1258000_1261000_0.8609.WAV,-1,
Actitis hypoleucos,2MA00783-INM_20240418_210202_1779000_1782000_0.7538.WAV,-1,
Actitis hypoleucos,2MA00783-INM_20240504_211602_549000_552000_0.8754.WAV,-1,
Actitis hypoleucos,2MA00783-INM_20240516_212602_1405000_1409000_0.88295.WAV,-1,
Actitis hypoleucos,2MA00783-INM_20240623_214702_437000_440000_0.8458.WAV,-1,
Actitis hypoleucos,2MA00783-INM_20240416_220002_1474000_1479000_0.9836333333333332.WAV,-1,
Actitis hypoleucos,2MA00783-INM_20240504_211602_142000_145000_0.8006.WAV,-1,
Actitis hypoleucos,2MA00783-INM_20240420_210302_3125000_3130000_0.9351.WAV,-1,
Actitis hypoleucos,2MA00783-INM_20240623_204700_3520000_3525000_0.7941.WAV,-1,
Actitis hypoleucos,2MA00783-INM_20240511_202200_2835000_2838000_0.8629.WAV,-1,
Actitis hypoleucos,2MA00783-INM_20240416_210002_1842000_1845000_0.9371.WAV,-1,
Actitis hypoleucos,2MA00783-INM_20240416_210002_1841000_1847000_0.856075.WAV,-1,
Actitis hypoleucos,2MA00783-INM_20240614_204400_3215000_3219000_0.7627999999999999.WAV,-1,
Actitis hypoleucos,2MA00783-INM_20240428_211002_2448000_2475000_0.7535000000000001.WAV,-1,
Actitis hypoleucos,2MA00783-INM_20240505_211702_1644000_1647000_0.9083.WAV,-1,
Actitis hypoleucos,2MA00783-INM_20240503_201500_1874000_1877000_0.8764.WAV,-1,
Actitis hypoleucos,2MA00783-INM_20240416_220002_1476000_1479000_0.9802.WAV,-1,
Actitis hypoleucos,2MA00783-INM_20240416_220002_1481000_1487000_0.852025.WAV,-1,
Actitis hypoleucos,2MA00783-INM_20240617_214502_886000_889000_0.8601.WAV,-1,
Loxia curvirostra,2MA00783-INM_20240517_061602_1099000_1102000_0.9663.WAV,-1,
Loxia curvirostra,2MA00783-INM_20240616_204500_3195000_3198000_0.9305.WAV,-1,
Loxia curvirostra,2MA00783-INM_20240505_201700_2996000_2999000_0.8186.WAV,-1,
Loxia curvirostra,2MA00783-INM_20240517_061602_1101000_1104000_0.7537.WAV,-1,
Tringa ochropus,2MA00783-INM_20240505_062702_2478000_2481000_0.8368.WAV,-1,
Anas crecca,2MA00783-INM_20240502_073002_1150000_1154000_0.8007.WAV,-1,
Anas crecca,2MA00783-INM_20240622_040700_580000_583000_0.9943.WAV,-1,
Anas crecca,2MA00783-INM_20240619_060702_650000_653000_0.7662.WAV,-1,
Acanthis flammea,2MA00783-INM_20240510_062202_1474000_1478000_0.8288.WAV,-1,
Larus michahellis,2MA00783-INM_20240618_060602_2904000_2915000_0.7933555555555556.WAV,-1,
Larus michahellis,2MA00783-INM_20240618_060602_2730000_2733000_0.8088.WAV,-1,
Cyanistes caeruleus,2MA00783-INM_20240618_050602_2581000_2585000_0.8125.WAV,-1,
Pinicola enucleator,2MA00783-INM_20240501_201300_1445000_1448000_0.8486.WAV,-1,
Pinicola enucleator,2MA00783-INM_20240425_063802_153000_156000_0.901.WAV,-1,
Pinicola enucleator,2MA00783-INM_20240619_214602_673000_676000_0.8549.WAV,-1,
Pinicola enucleator,2MA00783-INM_20240505_062702_659000_663000_0.80535.WAV,-1,
Ixobrychus minutus,2MA00783-INM_20240622_224702_1925000_1928000_0.9742.WAV,-1,
Ixobrychus minutus,2MA00783-INM_20240417_064802_2049000_2052000_0.9009.WAV,-1,
Ixobrychus minutus,2MA00783-INM_20240504_072802_3384000_3387000_0.821.WAV,-1,
Ixobrychus minutus,2MA00783-INM_20240416_220002_2739000_2742000_0.8497.WAV,-1,
Remiz pendulinus,2MA00783-INM_20240618_234602_402000_405000_0.7536.WAV,-1,
Porzana porzana,2MA00783-INM_20240517_202700_1279000_1282000_0.8879.WAV,-1,
Arenaria interpres,2MA00783-INM_20240503_201500_1931000_1934000_0.8338.WAV,-1,
Hydroprogne caspia,2MA00783-INM_20240624_214702_826000_829000_0.7648.WAV,-1,
Hydroprogne caspia,2MA00783-INM_20240412_075502_2562000_2565000_0.8232.WAV,-1,
Hydroprogne caspia,2MA00783-INM_20240618_060602_830000_833000_0.7687.WAV,-1,
Anas platyrhynchos,2MA00783-INM_20240510_042200_3503000_3506000_0.7856.WAV,-1,
Coccothraustes coccothraustes,2MA00783-INM_20240619_070702_963000_966000_0.8483.WAV,-1,
Coccothraustes coccothraustes,2MA00783-INM_20240617_204500_345000_348000_0.8186.WAV,-1,
Thalasseus sandvicensis,2MA00783-INM_20240621_060702_1820000_1823000_0.7757.WAV,-1,
Thalasseus sandvicensis,2MA00783-INM_20240504_201600_3081000_3084000_0.8395.WAV,-1,
Thalasseus sandvicensis,2MA00783-INM_20240617_214502_1437000_1441000_0.8764000000000001.WAV,-1,
Bombycilla garrulus,2MA00783-INM_20240516_212602_804000_807000_0.7769.WAV,-1,
Bombycilla garrulus,2MA00783-INM_20240619_204600_1011000_1014000_0.8647.WAV,-1,
Bombycilla garrulus,2MA00783-INM_20240516_202600_689000_693000_0.98285.WAV,-1,
Bombycilla garrulus,2MA00783-INM_20240506_201700_1368000_1371000_0.9929.WAV,-1,
Engine,2MA00783-INM_20240614_204400_461000_465000_0.761.WAV,-1,
Engine,2MA00783-INM_20240619_214602_3456000_3459000_0.8283.WAV,-1,
Engine,2MA00783-INM_20240511_212202_1929000_1937000_0.75495.WAV,-1,
Engine,2MA00783-INM_20240517_202700_816000_820000_0.80955.WAV,-1,
Charadrius hiaticula,2MA00783-INM_20240501_063102_2573000_2576000_0.7826.WAV,-1,
Uria aalge,2MA00783-INM_20240622_060702_2234000_2237000_0.8226.WAV,-1,
Uria aalge,2MA00783-INM_20240502_063002_2374000_2377000_0.8653.WAV,-1,
Scolopax rusticola,2MA00783-INM_20240506_062602_732000_735000_0.8683.WAV,-1,
Burhinus oedicnemus,2MA00783-INM_20240619_060702_1431000_1434000_0.8156.WAV,-1,
Burhinus oedicnemus,2MA00783-INM_20240507_052502_1249000_1260000_0.8307222222222221.WAV,-1,
Anthus petrosus,2MA00783-INM_20240623_204700_3584000_3588000_0.7766.WAV,-1,
Petronia petronia,2MA00783-INM_20240623_060702_3397000_3400000_0.7924.WAV,-1,
Erithacus rubecula,2MA00783-INM_20240517_212702_1001000_1004000_0.7541.WAV,-1,
Erithacus rubecula,2MA00783-INM_20240619_214602_213000_216000_0.8034.WAV,-1,
Anthus trivialis,2MA00783-INM_20240612_214402_1264000_1267000_0.9121.WAV,-1,
Anthus trivialis,2MA00783-INM_20240622_070702_1565000_1568000_0.9833.WAV,-1,
Anthus trivialis,2MA00783-INM_20240502_201400_3585000_3588000_0.7522.WAV,-1,
Anthus trivialis,2MA00783-INM_20240622_070702_1569000_1572000_0.7956.WAV,-1,
Anthus trivialis,2MA00783-INM_20240617_204500_3303000_3306000_0.8483.WAV,-1,
Anthus trivialis,2MA00783-INM_20240614_060602_3123000_3126000_0.818.WAV,-1,
Anthus trivialis,2MA00783-INM_20240511_202200_2430000_2433000_0.869.WAV,-1,
Anthus trivialis,2MA00783-INM_20240508_042400_2065000_2070000_0.8206000000000001.WAV,-1,
Anthus trivialis,2MA00783-INM_20240615_204500_2186000_2189000_0.8049.WAV,-1,
Anthus trivialis,2MA00783-INM_20240506_052602_3576000_3579000_0.7545.WAV,-1,
Anthus trivialis,2MA00783-INM_20240617_204500_3115000_3118000_0.9038.WAV,-1,
Otus scops,2MA00783-INM_20240423_200600_990000_993000_0.8181.WAV,-1,
Otus scops,2MA00783-INM_20240504_072802_3568000_3571000_0.8158.WAV,-1,
Cecropis daurica,2MA00783-INM_20240621_204600_426000_429000_0.8482.WAV,-1,
Tringa erythropus,2MA00783-INM_20240502_201400_3546000_3550000_0.7777499999999999.WAV,-1,
Tringa erythropus,2MA00783-INM_20240503_211502_909000_912000_0.8577.WAV,-1,
Tringa erythropus,2MA00783-INM_20240428_043500_2899000_2902000_0.784.WAV,-1,
Ficedula parva,2MA00783-INM_20240620_070702_2913000_2916000_0.866.WAV,-1,
Fringilla coelebs,2MA00783-INM_20240509_072302_3413000_3416000_0.8981.WAV,-1,
Luscinia megarhynchos,2MA00783-INM_20240418_054702_3174000_3177000_0.8047.WAV,-1,
Luscinia megarhynchos,2MA00783-INM_20240506_072602_1137000_1140000_0.7869.WAV,-1,
Luscinia megarhynchos,2MA00783-INM_20240418_064702_2526000_2529000_0.7969.WAV,-1,
Luscinia megarhynchos,2MA00783-INM_20240427_211002_1692000_1695000_0.8961.WAV,-1,
Luscinia megarhynchos,2MA00783-INM_20240416_230002_3582000_3585000_0.8853.WAV,-1,
Luscinia megarhynchos,2MA00783-INM_20240504_201600_2787000_2790000_0.7746.WAV,-1,
Luscinia megarhynchos,2MA00783-INM_20240505_052702_3222000_3225000_0.8349.WAV,-1,
Luscinia megarhynchos,2MA00783-INM_20240426_200900_1995000_1998000_0.8033.WAV,-1,
Luscinia megarhynchos,2MA00783-INM_20240420_200300_807000_810000_0.7755.WAV,-1,
Luscinia megarhynchos,2MA00783-INM_20240501_053102_1458000_1461000_0.8358.WAV,-1,
Luscinia megarhynchos,2MA00783-INM_20240420_210302_876000_879000_0.7577.WAV,-1,
Luscinia megarhynchos,2MA00783-INM_20240429_211102_1560000_1563000_0.8016.WAV,-1,
Luscinia megarhynchos,2MA00783-INM_20240418_064702_129000_132000_0.7913.WAV,-1,
Luscinia megarhynchos,2MA00783-INM_20240507_211802_840000_843000_0.76.WAV,-1,
Luscinia megarhynchos,2MA00783-INM_20240426_043700_2133000_2136000_0.7504.WAV,-1,
Luscinia megarhynchos,2MA00783-INM_20240420_200300_2310000_2313000_0.8981.WAV,-1,
Luscinia megarhynchos,2MA00783-INM_20240425_210802_1767000_1770000_0.7571.WAV,-1,
Luscinia megarhynchos,2MA00783-INM_20240503_211502_1050000_1053000_0.7696.WAV,-1,
Luscinia megarhynchos,2MA00783-INM_20240422_200500_1806000_1809000_0.7821.WAV,-1,
Luscinia megarhynchos,2MA00783-INM_20240422_200500_2475000_2478000_0.8456.WAV,-1,
Luscinia megarhynchos,2MA00783-INM_20240501_053102_2058000_2061000_0.7812.WAV,-1,
Picus sharpei,2MA00783-INM_20240504_072802_2620000_2631000_0.7840750000000001.WAV,-1,
Picus sharpei,2MA00783-INM_20240504_072802_3110000_3116000_0.7692.WAV,-1,
Dendrocopos major,2MA00783-INM_20240619_224602_2098000_2101000_0.7756.WAV,-1,
Dendrocopos major,2MA00783-INM_20240514_202400_1223000_1226000_0.7596.WAV,-1,
Motacilla alba,2MA00783-INM_20240504_201600_1648000_1651000_0.8412.WAV,-1,
Strix aluco,2MA00783-INM_20240612_214402_3591000_3594000_0.7893.WAV,-1,
Strix aluco,2MA00783-INM_20240510_062202_2172000_2175000_0.7763.WAV,-1,
Strix aluco,2MA00783-INM_20240612_214402_3273000_3276000_0.8004.WAV,-1,
Strix aluco,2MA00783-INM_20240612_214402_3393000_3396000_0.7968.WAV,-1,
Strix aluco,2MA00783-INM_20240612_214402_3387000_3390000_0.7768.WAV,-1,
Strix aluco,2MA00783-INM_20240612_214402_3528000_3531000_0.8624.WAV,-1,
Columba livia,2MA00783-INM_20240621_204600_709000_714000_0.7507666666666667.WAV,-1,
Linaria cannabina,2MA00783-INM_20240505_072702_3332000_3335000_0.8294.WAV,-1,
Linaria cannabina,2MA00783-INM_20240517_202700_1325000_1329000_0.7752.WAV,-1,
Gallinula chloropus,2MA00783-INM_20240502_073002_1939000_1943000_0.8553999999999999.WAV,-1,
Passer domesticus,2MA00783-INM_20240617_070602_2558000_2568000_0.8010625.WAV,-1,
Passer domesticus,2MA00783-INM_20240506_072602_775000_778000_0.7569.WAV,-1,
Passer domesticus,2MA00783-INM_20240514_202400_2831000_2835000_0.8202.WAV,-1,
Passer domesticus,2MA00783-INM_20240507_072502_2642000_2648000_0.825775.WAV,-1,
Passer domesticus,2MA00783-INM_20240506_072602_672000_675000_0.753.WAV,-1,
Passer domesticus,2MA00783-INM_20240617_070602_3190000_3223000_0.8194866666666667.WAV,-1,
Passer domesticus,2MA00783-INM_20240613_060602_1941000_1944000_0.7699.WAV,-1,
Passer domesticus,2MA00783-INM_20240513_071902_919000_922000_0.7643.WAV,-1,
Passer domesticus,2MA00783-INM_20240615_204500_1526000_1545000_0.9302529411764706.WAV,-1,
Passer domesticus,2MA00783-INM_20240619_070702_964000_967000_0.7564.WAV,-1,
Estrilda astrild,2MA00783-INM_20240507_211802_1089000_1092000_0.774.WAV,-1,
Charadrius dubius,2MA00783-INM_20240501_053102_2098000_2103000_0.8725666666666667.WAV,-1,
Charadrius dubius,2MA00783-INM_20240501_053102_2106000_2109000_0.8154.WAV,-1,
Charadrius dubius,2MA00783-INM_20240516_041700_1472000_1476000_0.77365.WAV,-1,
Charadrius dubius,2MA00783-INM_20240424_200700_1562000_1565000_0.7537.WAV,-1,
Turdus merula,2MA00783-INM_20240506_072602_723000_726000_0.7696.WAV,-1,
Turdus merula,2MA00783-INM_20240506_062602_397000_400000_0.7757.WAV,-1,
Turdus merula,2MA00783-INM_20240514_061902_2113000_2116000_0.9024.WAV,-1,
Turdus merula,2MA00783-INM_20240516_061702_866000_869000_0.7655.WAV,-1,
Turdus merula,2MA00783-INM_20240517_061602_865000_870000_0.8378333333333333.WAV,-1,
Turdus merula,2MA00783-INM_20240413_065400_2339000_2344000_0.7547666666666667.WAV,-1,
Turdus merula,2MA00783-INM_20240515_061802_1741000_1744000_0.8024.WAV,-1,
Turdus merula,2MA00783-INM_20240619_060702_2471000_2474000_0.8437.WAV,-1,
Turdus merula,2MA00783-INM_20240516_061702_850000_853000_0.8624.WAV,-1,
Turdus merula,2MA00783-INM_20240511_062102_1498000_1502000_0.82005.WAV,-1,
Turdus merula,2MA00783-INM_20240413_065400_390000_395000_0.7863000000000001.WAV,-1,
Turdus merula,2MA00783-INM_20240412_065500_907000_912000_0.8273666666666667.WAV,-1,
Turdus merula,2MA00783-INM_20240614_204400_113000_121000_0.9412666666666668.WAV,-1,
Turdus merula,2MA00783-INM_20240413_205702_280000_286000_0.8171999999999999.WAV,-1,
Turdus merula,2MA00783-INM_20240516_061702_1192000_1195000_0.7964.WAV,-1,
Turdus merula,2MA00783-INM_20240517_212702_1986000_1990000_0.79145.WAV,-1,
Turdus merula,2MA00783-INM_20240517_212702_1673000_1678000_0.7623000000000001.WAV,-1,
Turdus merula,2MA00783-INM_20240506_062602_1437000_1441000_0.8030999999999999.WAV,-1,
Turdus merula,2MA00783-INM_20240512_062002_132000_135000_0.7529.WAV,-1,
Turdus merula,2MA00783-INM_20240512_202300_2515000_2520000_0.7639666666666667.WAV,-1,
Turdus merula,2MA00783-INM_20240625_204700_1644000_1648000_0.7895.WAV,-1,
Turdus merula,2MA00783-INM_20240512_212302_1668000_1671000_0.766.WAV,-1,
Turdus merula,2MA00783-INM_20240514_061902_2069000_2074000_0.9414.WAV,-1,
Turdus merula,2MA00783-INM_20240614_204400_101000_109000_0.92324.WAV,-1,
Turdus merula,2MA00783-INM_20240415_065100_807000_814000_0.7894.WAV,-1,
